{
    "floors": {
        "1": {
            "floor": [
                [
                    21.571428571428573,
                    12.638888888888888
                ],
                [
                    6.714285714285714,
                    12.638888888888888
                ],
                [
                    6.714285714285714,
                    26.857638888888886
                ],
                [
                    21.571428571428573,
                    26.857638888888886
                ]
            ]
        },
        "12": {
            "floor": [
                [
                    13.714285714285715,
                    12.638888888888888
                ],
                [
                    5.142857142857143,
                    12.638888888888888
                ],
                [
                    5.142857142857143,
                    26.857638888888886
                ],
                [
                    13.714285714285715,
                    26.857638888888886
                ]
            ],
            "ceiling": [
                [
                    13.0,
                    12.638888888888888
                ],
                [
                    5.0,
                    12.638888888888888
                ],
                [
                    5.0,
                    26.857638888888886
                ],
                [
                    13.0,
                    26.857638888888886
                ]
            ]
        },
        "13": {
            "floor": [
                [
                    13.0,
                    12.638888888888888
                ],
                [
                    3,
                    12.638888888888888
                ],
                [
                    3,
                    0
                ],
                [
                    -3,
                    0
                ],
                [
                    -3,
                    26.857638888888886
                ],
                [
                    13.0,
                    26.857638888888886
                ]
            ],
            "ceiling": [
                [
                    12.285714285714286,
                    12.638888888888888
                ],
                [
                    3,
                    12.638888888888888
                ],
                [
                    3,
                    0
                ],
                [
                    -3,
                    0
                ],
                [
                    -3,
                    26.857638888888886
                ],
                [
                    12.285714285714286,
                    26.857638888888886
                ]
            ],
            "height": 8
        }
    },
    "default_height": 4,
    "name": "Technopark"
}