{
    "floors": {
        "1": {
            "floor": [
                [
                    0.34386920980926433,
                    0.2166969421737814
                ],
                [
                    0.09720708446866486,
                    0.2166969421737814
                ],
                [
                    0.09720708446866486,
                    0.46048100211928555
                ],
                [
                    0.34386920980926433,
                    0.46048100211928555
                ]
            ]
        },
        "2": {
            "floor": [
                [
                    0.33474114441416897,
                    0.2166969421737814
                ],
                [
                    0.09553814713896458,
                    0.2166969421737814
                ],
                [
                    0.09553814713896458,
                    0.46048100211928555
                ],
                [
                    0.33474114441416897,
                    0.46048100211928555
                ]
            ],
            "ceiling": [
                [
                    0.3256130790190736,
                    0.2166969421737814
                ],
                [
                    0.0938692098092643,
                    0.2166969421737814
                ],
                [
                    0.0938692098092643,
                    0.46048100211928555
                ],
                [
                    0.3256130790190736,
                    0.46048100211928555
                ]
            ]
        }
    },
    "defaultHeight": 0.02452316076294278,
    "name": "Technopark"
}